{
  "E": {
    "min": 0.9724240303039551,
    "p10": 1.5699453353881836,
    "p25": 2.1443705558776855,
    "p50": 3.8650131225585938,
    "p75": 8.376724243164062,
    "p90": 13.992781639099121,
    "max": 21.942304611206055,
    "mean": 5.816366195678711,
    "std": 4.824820041656494,
    "n": 695,
    "invert": true
  },
  "S": {
    "min": 2.753352165222168,
    "p10": 6.567879676818848,
    "p25": 8.635222434997559,
    "p50": 10.236308097839355,
    "p75": 11.716852188110352,
    "p90": 13.903314590454102,
    "max": 19.44991683959961,
    "mean": 10.24087905883789,
    "std": 2.742511510848999,
    "n": 695,
    "invert": true
  },
  "G": {
    "min": 6.416463851928711,
    "p10": 6.699810981750488,
    "p25": 6.7892231941223145,
    "p50": 7.050097942352295,
    "p75": 7.701239585876465,
    "p90": 9.097543716430664,
    "max": 11.496259689331055,
    "mean": 7.4781494140625,
    "std": 1.0315946340560913,
    "n": 695,
    "invert": true
  }
}