{
  "E_Emissions": {
    "pillar": "E",
    "display_name": "Emissions",
    "keywords": [
      "emission",
      "ghg",
      "carbon",
      "co2",
      "scope 1",
      "scope 2",
      "scope 3",
      "greenhouse",
      "net zero",
      "carbon neutral",
      "methane",
      "refrigerant"
    ],
    "p10": 2.2659361362457275,
    "p25": 4.108310222625732,
    "p50": 7.060572147369385,
    "p75": 10.403396606445312,
    "p90": 14.907917022705078,
    "mean": 8.078756332397461,
    "flag_weak": 4.108310222625732,
    "flag_strong": 10.403396606445312,
    "n_docs": 865
  },
  "E_Energy": {
    "pillar": "E",
    "display_name": "Energy",
    "keywords": [
      "energy",
      "renewable",
      "solar",
      "wind",
      "electricity",
      "fossil",
      "coal",
      "natural gas",
      "kwh",
      "mwh",
      "gigajoule",
      "petajoule"
    ],
    "p10": 2.921541929244995,
    "p25": 4.74106502532959,
    "p50": 7.392277240753174,
    "p75": 11.017838478088379,
    "p90": 18.465625762939453,
    "mean": 9.632322311401367,
    "flag_weak": 4.74106502532959,
    "flag_strong": 11.017838478088379,
    "n_docs": 865
  },
  "E_Water": {
    "pillar": "E",
    "display_name": "Water",
    "keywords": [
      "water",
      "withdrawal",
      "consumption",
      "discharge",
      "recycled water",
      "wastewater",
      "effluent",
      "drought",
      "aquifer",
      "stormwater"
    ],
    "p10": 0.8713857531547546,
    "p25": 1.9841269254684448,
    "p50": 4.398650169372559,
    "p75": 7.937575817108154,
    "p90": 12.692864418029785,
    "mean": 6.050899982452393,
    "flag_weak": 1.9841269254684448,
    "flag_strong": 7.937575817108154,
    "n_docs": 865
  },
  "E_Waste": {
    "pillar": "E",
    "display_name": "Waste",
    "keywords": [
      "waste",
      "recycle",
      "landfill",
      "hazardous",
      "circular economy",
      "single use",
      "packaging",
      "disposal",
      "reuse",
      "diversion"
    ],
    "p10": 1.0985910892486572,
    "p25": 2.4376654624938965,
    "p50": 4.864900588989258,
    "p75": 7.943029403686523,
    "p90": 12.367362976074219,
    "mean": 5.981159687042236,
    "flag_weak": 2.4376654624938965,
    "flag_strong": 7.943029403686523,
    "n_docs": 865
  },
  "E_Biodiversity": {
    "pillar": "E",
    "display_name": "Biodiversity",
    "keywords": [
      "biodiversity",
      "ecosystem",
      "deforestation",
      "land use",
      "habitat",
      "species",
      "nature",
      "forest",
      "wetland",
      "restoration"
    ],
    "p10": 0.15307042002677917,
    "p25": 0.3865979313850403,
    "p50": 0.7765783667564392,
    "p75": 1.7416934967041016,
    "p90": 3.1728429794311523,
    "mean": 1.3643393516540527,
    "flag_weak": 0.3865979313850403,
    "flag_strong": 1.7416934967041016,
    "n_docs": 865
  },
  "S_Labor": {
    "pillar": "S",
    "display_name": "Labor",
    "keywords": [
      "employee",
      "worker",
      "workforce",
      "labor",
      "labour",
      "trade union",
      "collective",
      "wage",
      "benefit",
      "turnover",
      "retention",
      "hiring"
    ],
    "p10": 6.77727746963501,
    "p25": 11.501346588134766,
    "p50": 16.471229553222656,
    "p75": 20.53538703918457,
    "p90": 24.195722579956055,
    "mean": 16.127870559692383,
    "flag_weak": 11.501346588134766,
    "flag_strong": 20.53538703918457,
    "n_docs": 865
  },
  "S_Safety": {
    "pillar": "S",
    "display_name": "Safety",
    "keywords": [
      "safety",
      "injury",
      "accident",
      "trir",
      "ltir",
      "fatality",
      "health",
      "wellbeing",
      "ppe",
      "incident",
      "recordable",
      "near miss"
    ],
    "p10": 2.9278175830841064,
    "p25": 5.475360870361328,
    "p50": 9.494100570678711,
    "p75": 14.632674217224121,
    "p90": 18.64876937866211,
    "mean": 10.545722007751465,
    "flag_weak": 5.475360870361328,
    "flag_strong": 14.632674217224121,
    "n_docs": 865
  },
  "S_Diversity": {
    "pillar": "S",
    "display_name": "Diversity",
    "keywords": [
      "diversity",
      "inclusion",
      "gender",
      "women",
      "minority",
      "disability",
      "lgbtq",
      "pay gap",
      "representation",
      "equity",
      "belonging"
    ],
    "p10": 3.231980323791504,
    "p25": 4.993086338043213,
    "p50": 6.872852325439453,
    "p75": 9.167715072631836,
    "p90": 11.698345184326172,
    "mean": 7.327744007110596,
    "flag_weak": 4.993086338043213,
    "flag_strong": 9.167715072631836,
    "n_docs": 865
  },
  "S_Community": {
    "pillar": "S",
    "display_name": "Community",
    "keywords": [
      "community",
      "local",
      "investment",
      "volunteer",
      "philanthropy",
      "charitable",
      "social impact",
      "foundation",
      "donation",
      "outreach"
    ],
    "p10": 6.580787658691406,
    "p25": 8.671686172485352,
    "p50": 11.425618171691895,
    "p75": 15.124126434326172,
    "p90": 19.873979568481445,
    "mean": 12.41071605682373,
    "flag_weak": 8.671686172485352,
    "flag_strong": 15.124126434326172,
    "n_docs": 865
  },
  "S_SupplyChain": {
    "pillar": "S",
    "display_name": "SupplyChain",
    "keywords": [
      "supply chain",
      "supplier",
      "procurement",
      "vendor",
      "sourcing",
      "modern slavery",
      "human rights",
      "audit",
      "due diligence",
      "conflict"
    ],
    "p10": 1.995537281036377,
    "p25": 3.649635076522827,
    "p50": 6.246912002563477,
    "p75": 10.21794319152832,
    "p90": 14.953110694885254,
    "mean": 7.501311779022217,
    "flag_weak": 3.649635076522827,
    "flag_strong": 10.21794319152832,
    "n_docs": 865
  },
  "G_Board": {
    "pillar": "G",
    "display_name": "Board",
    "keywords": [
      "board",
      "director",
      "independent",
      "chair",
      "committee",
      "governance",
      "tenure",
      "diversity",
      "nomination",
      "oversight"
    ],
    "p10": 5.7871317863464355,
    "p25": 9.493891716003418,
    "p50": 13.534317016601562,
    "p75": 17.191516876220703,
    "p90": 21.393587112426758,
    "mean": 13.773637771606445,
    "flag_weak": 9.493891716003418,
    "flag_strong": 17.191516876220703,
    "n_docs": 865
  },
  "G_ExecutivePay": {
    "pillar": "G",
    "display_name": "ExecutivePay",
    "keywords": [
      "executive",
      "compensation",
      "remuneration",
      "ceo pay",
      "bonus",
      "stock option",
      "pay ratio",
      "incentive",
      "clawback",
      "say on pay"
    ],
    "p10": 0.8286607265472412,
    "p25": 1.411604404449463,
    "p50": 2.2103147506713867,
    "p75": 3.231381893157959,
    "p90": 4.434755325317383,
    "mean": 2.5524182319641113,
    "flag_weak": 1.411604404449463,
    "flag_strong": 3.231381893157959,
    "n_docs": 865
  },
  "G_AntiCorruption": {
    "pillar": "G",
    "display_name": "AntiCorruption",
    "keywords": [
      "corruption",
      "bribery",
      "ethics",
      "conduct",
      "anti-fraud",
      "whistleblower",
      "speak up",
      "misconduct",
      "sanctions",
      "facilitation"
    ],
    "p10": 1.046579360961914,
    "p25": 1.803194284439087,
    "p50": 2.8160665035247803,
    "p75": 4.071285724639893,
    "p90": 5.598119735717773,
    "mean": 3.1241610050201416,
    "flag_weak": 1.803194284439087,
    "flag_strong": 4.071285724639893,
    "n_docs": 865
  },
  "G_Transparency": {
    "pillar": "G",
    "display_name": "Transparency",
    "keywords": [
      "disclosure",
      "reporting",
      "transparency",
      "stakeholder",
      "materiality",
      "gri",
      "sasb",
      "tcfd",
      "assurance",
      "third party",
      "verified"
    ],
    "p10": 3.561861991882324,
    "p25": 5.3438334465026855,
    "p50": 7.9706950187683105,
    "p75": 11.363636016845703,
    "p90": 14.839723587036133,
    "mean": 8.951944351196289,
    "flag_weak": 5.3438334465026855,
    "flag_strong": 11.363636016845703,